new,current
3466,FMIINDR40930
3468,FMIINDR41130
3467,SADT0240000
3505,CCGD0115000
3504,CCGD0121000
3466,FMIINDR40930
3466,FMIINDR40930
3468,FMIINDR41130
3467,SADT0240000
3505,CCGD0115000
3504,CCGD0121000
3468,FMIINDR41130
3455,GRGRR-18-02-30
3453,JUUL-0009-000
3457,WR-0227-SGE3
3454,YOWG-1766-000
3456,YOWG-1767-000
3455,GRGRR-18-02-30
3453,JUUL-0009-000
3457,WR-0227-SGE3
3454,YOWG-1766-000
3456,YOWG-1767-000
3483,HON-EISEN-0304-30A
3486,HON-EISEN-0304-30B
3453,JUUL-0009-000
3487,PEAA-3429R
3485,PJCP-9891-000
3484,YOWG-1783-000
3482,YOWG-1785-000
3488,YOWG-1794-000
3489,CIVS-8775-000
3483,HON-EISEN-0304-30A
3486,HON-EISEN-0304-30B
3453,JUUL-0009-000
3487,PEAA-3429R
3485,PJCP-9891-000
3484,YOWG-1783-000
3482,YOWG-1785-000
3488,YOWG-1794-000
3465,BWWS-0055-000
3458,EZAR-197-263
3459,EZAR-198-326
3460,EZAR-198-330
3462,EZAR-198-334
3455,GRGRR-18-02-30
3463,GRGRR-18-05-30
3481,SAM-0308-RYAN-30R
3461,YOWG-1760-000
3490,EZAR-198-316
3493,EZAR-198-336
3481,SAM-0308-RYAN-30R
3491,YOWG-1777-000
3492,YOWG-1780-000
3494,YOWG-1786-000
3478,FMIINDR-411-30
3471,QSRA-9056000
3470,QSRA-9057000
3475,ROCK-9601000
3473,VADR-0056000
3476,VADR-0057000
3501,FICA-0655000
3502,PJCP-9893000
3499,PJCP-9895000
3471,QSRA-9056000
3495,QSRA-9058000
3500,ROCK-9594000
3497,YKHT-9021000
3474,CT-AGAR-30800
3477,FMIINDR-409-30
3471,QSRA-9056000
3472,QSRA-9057000
3470,QSRA-9057000
3475,ROCK-9601000
3473,VADR-0056000
3476,VADR-0057000
3498,GRGRR-18-01-30
3499,PJCP-9895000
3471,QSRA-9056000
3496,QSRA-9058000
3495,QSRA-9058000
3500,ROCK-9594000
3497,YKHT-9021000
3477,FMIINDR-409-30
3478,FMIINDR-411-30
3479,MCVC-000-319R
3471,QSRA-9056000
3470,QSRA-9057000
3473,VADR-0056000
3476,VADR-0057000
3477,FMIINDR-409-30
3478,FMIINDR-411-30
3503,KFRG-9003000
3471,QSRA-9056000
3495,QSRA-9058000